City_ID,City,Lat,Lng,Max Temp,Humidity,Cloudiness,Wind Speed,Country,Date
0,inarajan village,13.2736,144.7484,88.77200000000003,85,67,7.81,GU,1698041564
1,port mathurin,-19.6833,63.4167,76.64000000000001,78,7,5.65,MU,1698041564
2,qoryooley,1.7878,44.53,85.82000000000006,57,18,4.16,SO,1698041565
3,yelwa,8.8333,9.6333,75.95600000000003,69,100,1.96,NG,1698041565
4,punta arenas,-53.15,-70.9167,37.508,87,40,2.06,CL,1698041565
5,port-aux-francais,-49.35,70.2167,35.40200000000008,79,99,13.18,TF,1698041565
6,lihue,21.9789,-159.3672,78.04400000000007,83,75,5.66,US,1698041565
7,yellowknife,62.456,-114.3525,21.416000000000007,97,100,4.02,CA,1698041304
8,palmer,42.1584,-72.3287,45.62600000000009,74,100,2.06,US,1698041297
9,fort bragg,35.139,-79.006,52.82600000000009,80,0,0.0,US,1698041566
10,nikolayevsk-on-amure,53.1406,140.73,39.254000000000055,47,70,4.88,RU,1698041566
11,ceeldheer,3.8488,47.1806,84.12800000000007,69,19,4.69,SO,1698041566
12,tiksi,71.6872,128.8694,16.232000000000017,97,100,2.85,RU,1698041566
13,albany,42.6001,-73.9662,43.52000000000006,79,100,4.92,US,1698041446
14,alofi,-19.0595,-169.9187,75.092,88,75,3.09,NU,1698041567
15,st. john's,47.5649,-52.7093,46.97600000000009,95,100,2.68,CA,1698041452
16,dawei,14.0833,98.2,88.41200000000006,61,81,1.04,MM,1698041372
17,malangawa,26.8568,85.5581,84.39800000000002,50,1,1.19,NP,1698041567
18,ust-nera,64.5667,143.2,17.40200000000008,96,100,1.82,RU,1698041567
19,talnakh,69.4865,88.3972,29.210000000000083,88,100,5.76,RU,1698041431
20,luderitz,-26.6481,15.1594,60.78200000000002,80,15,0.43,NA,1698041568
21,nehe,48.4833,124.8333,58.80200000000008,28,0,5.33,CN,1698041568
22,bilibino,68.0546,166.4372,18.57200000000004,93,100,0.89,RU,1698041568
23,whitehorse,60.7161,-135.0538,16.808000000000003,66,25,1.79,CA,1698041318
24,afaahiti,-17.75,-149.2833,78.674,85,34,6.12,PF,1698041568
25,tannum sands,-23.9504,151.3693,80.74400000000007,57,17,7.2,AU,1698041569
26,flying fish cove,-10.4217,105.6791,83.87600000000009,69,15,4.12,CX,1698041569
27,ushuaia,-54.8,-68.3,33.728000000000065,94,59,2.44,AR,1698041569
28,waitangi,-43.9535,-176.5597,47.82200000000004,77,85,0.45,NZ,1698041569
29,grytviken,-54.2811,-36.5092,29.390000000000022,88,94,6.87,GS,1698041569
30,papatowai,-46.5619,169.4708,54.320000000000064,64,94,2.17,NZ,1698041570
31,west island,-12.1568,96.8225,82.38200000000002,65,78,5.66,CC,1698041570
32,thompson,55.7435,-97.8558,21.36200000000006,79,0,1.03,CA,1698041570
33,holualoa,19.6228,-155.9522,75.03800000000004,84,0,1.54,US,1698041570
34,port elizabeth,-33.918,25.5701,62.88800000000005,67,0,5.66,ZA,1698041570
35,queenstown,-31.8976,26.8753,55.05800000000001,66,91,1.79,ZA,1698041571
36,bodaybo,57.8506,114.1933,38.06600000000001,53,87,5.5,RU,1698041376
37,blackmans bay,-43.0167,147.3167,65.516,61,68,1.34,AU,1698041571
38,cobija,-11.0267,-68.7692,76.424,75,100,1.02,BO,1698041534
39,kununurra,-15.7667,128.7333,102.18200000000002,22,17,4.63,AU,1698041571
40,trinidad,-14.8333,-64.9,82.292,36,16,2.2,BO,1698041571
41,nizhneudinsk,54.9076,99.0276,52.10600000000003,46,46,4.0,RU,1698041409
42,tofol,5.3248,163.0078,87.58399999999999,70,75,2.06,FM,1698041572
43,adamstown,-25.066,-130.1015,73.07600000000009,80,37,4.62,PN,1698041572
44,hamilton,39.1834,-84.5333,42.98000000000004,91,0,1.54,US,1698041572
45,n'dalatando,-9.2978,14.9116,70.98800000000004,83,99,1.16,AO,1698041572
46,invercargill,-46.4,168.35,55.022000000000034,67,99,1.34,NZ,1698041572
47,puerto natales,-51.7236,-72.4875,33.27800000000006,95,35,1.44,CL,1698041572
48,sailana,23.4667,74.9167,86.82800000000006,27,2,0.89,IN,1698041573
49,winter springs,28.6989,-81.3081,70.03399999999999,85,0,3.09,US,1698041573
50,puerto ayora,-0.7393,-90.3518,73.70600000000003,84,85,4.49,EC,1698041573
51,ta`u,-14.2336,-169.5144,80.76200000000006,80,89,4.92,AS,1698041573
52,edinburgh of the seven seas,-37.0676,-12.3116,54.733999999999995,68,94,4.14,SH,1698041573
53,qaqortoq,60.7167,-46.0333,36.788000000000046,62,100,3.63,GL,1698041573
54,codrington,-38.2667,141.9667,59.39600000000005,56,48,4.26,AU,1698041574
55,pandan,14.0453,124.1694,81.35600000000002,82,100,4.48,PH,1698041574
56,lazaro cardenas,17.9583,-102.2,77.16200000000006,88,100,1.94,MX,1698041574
57,chui,-33.6971,-53.4616,63.55400000000005,99,99,1.21,UY,1698041574
58,longyearbyen,78.2186,15.6401,13.838000000000044,67,0,3.09,SJ,1698041574
59,san patricio,28.017,-97.5169,80.45600000000003,80,56,5.74,US,1698041575
60,ryotsu-minato,38.0833,138.4333,64.11200000000005,62,86,1.9,JP,1698041431
61,iqaluit,63.7506,-68.5145,22.73000000000004,73,100,8.23,CA,1698041575
62,vilyuchinsk,52.9306,158.4028,44.87000000000006,86,76,3.15,RU,1698041575
63,ketchikan,55.3422,-131.6461,37.508,71,85,4.05,US,1698041575
64,hermanus,-34.4187,19.2345,68.09000000000002,62,96,3.23,ZA,1698041575
65,sagua la grande,22.8067,-80.0756,70.79000000000002,78,92,3.69,CU,1698041576
66,orcopampa,-15.2661,-72.3417,44.42000000000006,94,100,0.99,PE,1698041576
67,ola,59.5833,151.2833,36.14000000000002,82,100,6.04,RU,1698041576
68,kanel,15.4916,-13.1763,82.77800000000006,48,100,3.25,SN,1698041576
69,penukonda,14.0833,77.5833,84.56000000000009,28,100,4.54,IN,1698041576
70,palopo,-2.9996,120.1921,84.03800000000004,72,13,2.86,ID,1698041577
71,avarua,-21.2078,-159.775,77.05400000000006,94,75,2.06,CK,1698041577
72,kharkhorin,47.1975,102.8238,55.76000000000008,24,47,1.13,MN,1698041577
73,margaret river,-33.95,115.0667,61.12400000000001,50,85,7.27,AU,1698041577
74,port alfred,-33.5906,26.891,64.184,73,68,2.24,ZA,1698041577
75,elliot lake,46.3834,-82.6331,32.09000000000002,77,10,0.93,CA,1698041577
76,caririacu,-7.0422,-39.2836,72.608,70,100,1.73,BR,1698041301
77,wailua homesteads,22.0669,-159.378,77.43200000000002,84,75,5.66,US,1698041578
78,college,64.8569,-147.8028,24.74600000000005,89,100,2.57,US,1698041355
79,fale old settlement,-9.3852,-171.2468,84.38000000000004,70,26,4.53,TK,1698041578
80,solnechnyy,50.7214,136.6319,42.872000000000035,44,2,0.34,RU,1698041578
81,ubari,26.5921,12.7805,78.13399999999999,19,89,2.7,LY,1698041578
82,haiku-pauwela,20.9219,-156.3051,75.25400000000005,85,75,5.14,US,1698041578
83,keflavik,64.0049,-22.5624,37.832000000000015,81,40,2.57,IS,1698041579
84,mili,6.0815,171.735,83.71400000000003,74,100,3.99,MH,1698041579
85,sikasso,10.9167,-7.0,75.38000000000004,74,59,1.94,ML,1698041579
86,miyako,39.6367,141.9525,60.944000000000074,51,0,1.47,JP,1698041579
87,tsetserleg,47.475,101.4542,53.780000000000044,26,19,1.08,MN,1698041579
88,conceicao das alagoas,-19.9147,-48.3883,78.47600000000008,49,76,4.94,BR,1698041580
89,nyaungdon,17.0333,95.65,87.15200000000007,67,55,3.44,MM,1698041580
90,ribeira grande,38.5167,-28.7,68.39600000000004,77,40,6.17,PT,1698041580
91,albertina,-22.2008,-46.6158,62.47400000000001,68,40,2.48,BR,1698041580
92,kayangel,8.0823,134.7173,84.57800000000006,73,62,2.84,PW,1698041580
93,mudu,31.252,120.5118,73.14800000000002,58,0,2.74,CN,1698041359
94,acapulco de juarez,16.8634,-99.8901,80.42000000000006,89,40,2.06,MX,1698041445
95,lagunillas,10.1301,-71.2595,78.24199999999999,90,100,2.37,VE,1698041581
96,salah bey,35.8545,5.2905,54.01400000000003,39,12,3.74,DZ,1698041581
97,matoury,4.8483,-52.3317,80.56400000000004,94,0,1.03,GF,1698041581
98,georgetown,5.4112,100.3354,87.72800000000007,66,20,4.63,MY,1698041439
99,mournies,35.4764,24.0092,74.82200000000003,83,20,1.54,GR,1698041581
100,bredasdorp,-34.5322,20.0403,65.46200000000006,58,100,2.34,ZA,1698041582
101,zaoyang,32.1272,112.7542,75.12800000000007,40,4,3.79,CN,1698041582
102,jamestown,42.097,-79.2353,39.72200000000004,87,100,2.06,US,1698041307
103,calipatria,33.1256,-115.5142,75.90200000000007,54,0,6.64,US,1698041582
104,cidade velha,14.9167,-23.6167,77.46800000000009,83,20,2.57,CV,1698041582
105,olonkinbyen,70.9221,-8.7187,37.90400000000005,89,100,5.63,SJ,1698041583
106,enewetak,11.3474,162.3373,84.02000000000007,71,78,4.55,MH,1698041583
107,hadibu,12.65,54.0333,82.34600000000005,74,100,6.02,YE,1698041583
108,sisimiut,66.9395,-53.6735,24.29600000000005,74,100,5.04,GL,1698041583
109,portland,45.5234,-122.6762,57.57800000000007,90,20,2.57,US,1698041501
110,petropavlovsk-kamchatsky,53.0452,158.6483,43.39400000000008,57,40,3.0,RU,1698041583
111,horta,38.5333,-28.6333,67.64000000000001,80,40,6.17,PT,1698041584
112,necocli,8.4234,-76.786,80.33000000000004,84,100,3.17,CO,1698041584
113,aasiaat,68.7098,-52.8699,12.488000000000046,75,44,2.84,GL,1698041584
114,opuwo,-18.0607,13.84,69.71000000000008,17,1,0.79,NA,1698041584
115,farap,39.1704,63.6116,64.09400000000008,57,83,1.75,TM,1698041585
116,primorsk,46.7348,36.3443,63.35600000000003,70,50,4.88,UA,1698041585
117,simanggang,1.2472,111.4528,86.28800000000004,74,97,0.93,MY,1698041585
118,bethel,41.3712,-73.414,45.48200000000001,75,100,3.09,US,1698041585
119,timbuktu,16.7735,-3.0074,84.59600000000005,19,14,3.05,ML,1698041585
120,reggane,26.7158,0.1714,81.33800000000005,26,51,4.79,DZ,1698041585
121,usinsk,65.9939,57.5281,29.354000000000052,97,100,7.89,RU,1698041586
122,amursk,50.2261,136.8994,41.504000000000055,52,18,3.54,RU,1698041586
123,nishinoomote,30.7333,131.0,67.40600000000003,52,0,1.57,JP,1698041586
124,flin flon,54.7682,-101.865,27.428000000000065,47,45,1.87,CA,1698041586
125,jaranwala,31.3333,73.4333,82.72400000000002,38,0,1.81,PK,1698041407
126,kingston,17.997,-76.7936,83.35400000000006,86,20,1.54,JM,1698041016
127,kashgar,39.4547,75.9797,64.41800000000009,19,87,0.49,CN,1698041587
128,ilulissat,69.2167,-51.1,21.218000000000085,63,1,3.6,GL,1698041587
129,masuguru,-11.3667,38.4167,84.45200000000008,42,6,3.0,TZ,1698041587
130,hawaiian paradise park,19.5933,-154.9731,75.03800000000004,91,0,2.06,US,1698041336
131,nemuro,43.3236,145.575,53.041999999999994,60,53,5.6,JP,1698041426
132,celestun,20.8667,-90.4,78.92600000000009,80,100,9.8,MX,1698041588
133,antsiranana,-12.2787,49.2917,84.542,49,30,7.88,MG,1698041588
134,tay ninh,11.3,106.1,88.53800000000004,62,76,1.06,VN,1698041588
135,duba,27.3513,35.6901,86.86400000000003,44,2,0.5,SA,1698041588
136,howard springs,-12.497,131.047,93.11000000000008,59,3,3.73,AU,1698041588
137,anadyr,64.75,177.4833,41.0,93,40,10.0,RU,1698041589
138,maracaibo,10.6317,-71.6406,77.25200000000008,92,100,2.88,VE,1698041589
139,sarangani,5.4033,125.4636,84.72200000000004,68,58,2.92,PH,1698041589
140,rio rancho,35.2334,-106.6645,69.47600000000008,34,0,3.6,US,1698041589
141,mariinsk,56.2139,87.7472,46.22000000000006,76,100,10.57,RU,1698041491
142,banda aceh,5.5577,95.3222,82.68800000000005,72,100,3.05,ID,1698041351
143,wewak,-3.5534,143.6268,84.59600000000005,74,57,2.53,PG,1698041590
144,duitama,5.8245,-73.0341,52.91600000000001,93,100,1.38,CO,1698041590
145,hasaki,35.7333,140.8333,71.99600000000005,46,80,2.07,JP,1698041590
146,urengoy,65.9667,78.3667,28.65200000000008,79,72,5.52,RU,1698041590
147,uturoa,-16.7333,-151.4333,80.49199999999999,82,26,6.49,PF,1698041590
148,hatillo,18.4863,-66.8254,80.07800000000006,92,7,2.24,PR,1698041591
149,summerlin south,36.1027,-115.3811,69.85400000000006,34,0,4.49,US,1698041591
150,dudinka,69.4058,86.1778,29.624000000000013,88,92,4.31,RU,1698041382
151,lensk,60.7253,114.9278,32.522000000000034,83,100,5.6,RU,1698041399
152,dilling,12.05,29.65,83.42600000000009,21,7,3.83,SD,1698041591
153,pitkyaranta,61.5734,31.4792,31.244000000000074,71,100,2.64,RU,1698041591
154,chonchi,-42.6128,-73.8092,41.12600000000009,98,39,1.09,CL,1698041592
155,fuman,37.2273,49.3142,65.69600000000005,68,13,1.11,IR,1698041592
156,vorgashor,67.5833,63.95,12.29000000000002,94,68,2.11,RU,1698041592
157,kudahuvadhoo,2.6708,72.8944,81.87800000000007,72,96,4.08,MV,1698041592
158,tralee,52.2704,-9.7026,52.05200000000008,93,20,2.57,IE,1698041592
159,boali,4.8005,18.1275,75.29000000000002,90,94,0.74,CF,1698041593
160,nusaybin,37.0778,41.2178,74.84000000000002,32,45,0.54,TR,1698041593
161,lata,40.1629,-8.3327,56.06600000000001,94,100,0.72,PT,1698041593
162,wanning,18.8003,110.3967,78.42200000000004,90,100,5.79,CN,1698041369
163,arkhangel'sk,64.5401,40.5433,34.088000000000044,66,22,3.92,RU,1698041593
164,zykovo,55.9519,93.1461,48.938000000000045,48,97,4.64,RU,1698041593
165,qamdo,31.1667,97.2333,41.522000000000034,31,0,2.97,CN,1698041594
166,udachny,66.4167,112.4,25.448000000000025,92,100,2.01,RU,1698041594
167,cabedelo,-6.9811,-34.8339,74.066,89,94,2.87,BR,1698041594
168,stanley,54.868,-1.6985,35.780000000000044,100,20,0.51,GB,1698041569
169,arar,30.9753,41.0381,71.61800000000008,40,20,6.17,SA,1698041594
170,beyneu,45.3167,55.2,46.148000000000025,47,55,1.92,KZ,1698041595
171,tolanaro,-25.0319,46.9987,86.64800000000002,47,85,0.07,MG,1698041595
172,bereznik,62.8551,42.7072,28.868000000000087,89,65,2.04,RU,1698041595
173,jimenez,28.3333,-105.4,67.73000000000005,58,100,0.44,MX,1698041595
174,colonia menno,-22.3667,-59.8167,87.58399999999999,38,9,4.1,PY,1698041595
175,vilyuysk,63.7553,121.6247,30.164000000000033,92,100,0.45,RU,1698041596
176,belmonte,-15.8631,-38.8828,72.87800000000007,86,64,4.59,BR,1698041596
177,laguna,38.421,-121.4238,62.07800000000007,91,100,1.54,US,1698041390
178,necochea,-38.5473,-58.7368,56.12000000000006,93,100,2.63,AR,1698041596
179,ilha de mocambique,-15.0342,40.7358,87.674,48,32,4.15,MZ,1698041596
180,nowe,53.6491,18.7272,48.34400000000007,92,55,3.03,PL,1698041597
181,isafjordur,66.0755,-23.124,42.02600000000009,71,100,3.47,IS,1698041597
182,al ghayzah,16.2079,52.176,79.88000000000004,72,100,11.19,YE,1698041597
183,constitucion,-35.3333,-72.4167,51.38600000000007,87,0,6.24,CL,1698041594
184,lebu,-37.6167,-73.65,50.93600000000007,83,1,8.53,CL,1698041597
185,ancud,-41.8697,-73.8203,48.56000000000008,85,3,5.42,CL,1698041597
186,sao gabriel da cachoeira,-0.1303,-67.0892,73.58000000000004,95,100,1.36,BR,1698041598
187,kyzyl-suu,42.3414,78.0056,53.33000000000004,43,99,0.84,KG,1698041598
188,van,38.4924,43.3831,56.55200000000008,58,20,0.51,TR,1698041598
189,siracusa,37.0881,15.2792,63.320000000000064,69,14,1.04,IT,1698041499
190,quelimane,-17.8786,36.8883,82.34600000000005,78,75,3.6,MZ,1698041598
191,quellon,-43.1167,-73.6167,41.9,99,15,1.71,CL,1698041598
192,lethem,3.3803,-59.7968,78.72800000000007,82,72,1.89,GY,1698041599
193,arraial do cabo,-22.9661,-42.0278,69.54800000000003,81,62,7.42,BR,1698041345
194,kaithal,29.8,76.3833,84.66800000000009,29,0,3.04,IN,1698041599
195,zaozersk,69.4005,32.4476,31.154000000000053,86,100,5.5,RU,1698041599
196,susuman,62.7833,148.1667,9.410000000000082,97,94,0.72,RU,1698041599
197,armacao de buzios,-22.7469,-41.8817,68.45,83,62,6.06,BR,1698041600
198,barra do garcas,-15.89,-52.2567,81.98600000000008,56,29,0.91,BR,1698041600
199,sayansk,54.1088,102.1648,47.228000000000065,54,56,5.41,RU,1698041600
200,freetown,8.484,-13.2299,76.71200000000006,94,75,2.06,SL,1698041600
201,noumea,-22.2763,166.4572,76.98200000000001,69,17,11.48,NC,1698041566
202,yerofey pavlovich,53.9667,121.9667,40.73000000000004,42,100,0.52,RU,1698041600
203,taltal,-25.4,-70.4833,61.23200000000001,80,72,0.21,CL,1698041601
204,mount gambier,-37.8333,140.7667,69.74600000000005,33,69,1.3,AU,1698041601
205,akjoujt,19.6969,-14.4164,70.808,71,0,4.24,MR,1698041601
206,mtwara,-10.2667,40.1833,85.55,51,72,3.53,TZ,1698041601
207,nova sintra,14.8667,-24.7167,74.78600000000007,78,53,3.65,CV,1698041601
208,bardai,11.65,7.2333,69.74600000000005,29,13,3.91,NG,1698041601
209,brookings,44.3114,-96.7984,53.18600000000007,83,100,3.6,US,1698041602
210,iskateley,67.6803,53.1512,30.68600000000007,97,100,2.67,RU,1698041602
211,kirando,-7.4167,30.6,82.58000000000004,48,57,0.76,TZ,1698041412
212,lompoc,34.6391,-120.4579,64.02200000000003,88,100,7.6,US,1698041408
213,carnarvon,-24.8667,113.6333,69.65600000000003,62,3,9.06,AU,1698041602
214,hithadhoo,-0.6,73.0833,81.01400000000004,69,69,3.8,MV,1698041602
215,mankera,31.3866,71.4407,81.75200000000008,37,0,2.14,PK,1698041603
216,kruisfontein,-34.0033,24.7314,60.69199999999999,64,99,4.09,ZA,1698041603
217,port lincoln,-34.7333,135.8667,87.54800000000003,13,72,7.69,AU,1698041603
218,gelemso,8.8167,40.5167,72.33800000000005,43,91,1.95,ET,1698041603
219,seybaplaya,19.65,-90.6667,77.52200000000003,67,100,7.25,MX,1698041603
220,kolondieba,11.0882,-6.8926,75.88399999999999,69,53,1.82,ML,1698041603
221,suomussalmi,64.8869,28.9078,23.27000000000006,87,35,1.86,FI,1698041604
222,minas de marcona,-15.2119,-75.1103,62.36600000000001,86,100,1.85,PE,1698041604
223,santo angelo,-28.2992,-54.2631,70.28600000000007,91,92,3.26,BR,1698041604
224,pisco,-13.7,-76.2167,66.25400000000005,88,0,1.54,PE,1698041604
225,dame-marie,18.5667,-74.4167,84.36200000000005,74,80,7.61,HT,1698041604
226,jayapura,-2.5333,140.7,90.78800000000004,75,78,3.97,ID,1698041605
227,altai,46.3722,96.2583,48.07400000000001,36,25,6.54,MN,1698041522
228,gadzhiyevo,69.2551,33.3362,34.64600000000005,73,100,8.98,RU,1698041605
229,cockburn town,21.4612,-71.1419,83.642,75,1,4.01,TC,1698041605
230,dryden,49.7833,-92.7503,46.688000000000045,100,100,2.06,CA,1698041605
231,mammoth lakes,37.6485,-118.9721,39.34400000000007,69,0,3.13,US,1698041605
232,ulaangom,49.9811,92.0667,48.182000000000016,54,67,3.2,MN,1698041606
233,al kharijah,25.4514,30.5464,74.67800000000007,49,0,5.12,EG,1698041606
234,badger,64.8,-147.5333,24.674000000000014,91,100,2.57,US,1698041606
235,shibirghan,36.6676,65.7529,69.35,38,80,3.61,AF,1698041606
236,kill devil hills,36.0307,-75.676,59.99000000000002,60,0,4.63,US,1698041607
237,cestos city,5.46,-9.5828,77.97200000000004,87,42,2.67,LR,1698041607
238,skowhegan,44.7651,-69.7192,49.37000000000006,99,100,3.05,US,1698041607
239,guichon,-32.35,-57.2,67.35200000000007,97,96,1.6,UY,1698041607
240,matthew town,20.95,-73.6667,82.32800000000006,80,15,5.57,BS,1698041607
241,xining,36.6167,101.7667,54.57200000000004,31,0,1.64,CN,1698041607
242,leo,11.1,-2.1,74.76800000000009,55,28,2.37,BF,1698041608
243,tura,25.5198,90.2201,81.46400000000003,66,100,0.61,IN,1698041608
244,brokopondo,4.75,-55.1667,76.26200000000006,91,100,1.9,SR,1698041608
245,sangsong-ni,39.1694,126.8856,62.38399999999999,50,83,4.33,KP,1698041608
246,tikhvin,59.6451,33.5294,33.22400000000001,95,100,1.27,RU,1698041608
247,mana,5.6592,-53.7767,78.62000000000006,92,77,3.22,GF,1698041608
248,ust'-ilimsk,58.0006,102.6619,43.754000000000055,49,93,4.4,RU,1698041609
249,alice springs,-23.7,133.8833,98.15,8,2,4.12,AU,1698041609
250,labrador city,52.9463,-66.9114,26.510000000000083,86,100,1.54,CA,1698041609
251,chicoana,-25.1009,-65.5331,72.05,69,51,1.36,AR,1698041609
252,sankt veit an der glan,46.7681,14.3603,44.11400000000003,100,75,1.03,AT,1698041609
253,cajati,-24.7361,-48.1228,65.84000000000002,96,100,0.46,BR,1698041322
254,shizuishan,39.2333,106.7694,68.14400000000008,10,0,6.9,CN,1698041610
255,watford city,47.8022,-103.2832,47.444000000000074,100,0,0.0,US,1698041610
256,mutoko,-17.397,32.2268,79.75400000000005,45,21,1.6,ZW,1698041610
257,mhamid,29.82,-5.72,70.142,59,100,1.85,MA,1698041610
258,coyhaique,-45.5752,-72.0662,45.21200000000006,75,0,1.54,CL,1698041610
259,happy valley-goose bay,53.3168,-60.3315,34.10600000000003,60,75,4.12,CA,1698041611
260,sinop,41.7711,34.8709,59.432000000000016,41,91,0.92,TR,1698041611
261,tchintabaraden,15.8969,5.7985,79.82600000000009,16,1,3.75,NE,1698041611
262,maiurno,13.4167,33.6667,84.66800000000009,52,85,6.56,SD,1698041611
263,mala,-12.6581,-76.6308,66.18200000000002,95,94,2.88,PE,1698041611
264,pimentel,-6.8367,-79.9342,68.28800000000004,88,75,6.17,PE,1698041612
265,okmulgee,35.6234,-95.9605,65.01200000000006,77,0,2.06,US,1698041517
266,amasra,41.7463,32.3863,59.05400000000005,55,45,4.29,TR,1698041612
267,cidreira,-30.1811,-50.2056,64.72400000000002,97,91,2.04,BR,1698041612
268,pauini,-7.7136,-66.9764,79.10600000000002,71,100,1.61,BR,1698041612
269,geraldton,-28.7667,114.6,72.01400000000004,43,62,9.26,AU,1698041612
270,ishigaki,24.3448,124.1572,78.36800000000008,67,25,6.41,JP,1698041613
271,pirane,-25.7324,-59.1088,88.808,37,78,4.1,AR,1698041613
272,ende,-8.8432,121.6623,94.33399999999999,45,10,1.46,ID,1698041613
273,bamboo flat,11.7,92.7167,82.49000000000002,78,40,1.54,IN,1698041613
274,fortuna,40.5982,-124.1573,57.92000000000006,96,100,3.09,US,1698041613
275,hojai,26.0,92.8667,79.71800000000009,75,100,1.45,IN,1698041614
276,zhangye,38.9342,100.4517,67.69400000000007,12,0,3.18,CN,1698041614
277,yuzhno-kurilsk,44.0306,145.8556,51.17000000000006,62,12,5.96,RU,1698041614
278,east london,-33.0153,27.9116,65.33600000000007,59,0,4.63,ZA,1698041454
279,kodiak,57.79,-152.4072,36.91400000000003,56,0,6.69,US,1698041614
280,bela vista de goias,-16.9728,-48.9533,74.55200000000008,52,66,3.21,BR,1698041614
281,krasnoyarsk,56.0097,92.7917,48.596000000000046,55,97,5.52,RU,1698041615
282,shiraz,29.6036,52.5388,67.442,32,0,0.0,IR,1698041593
283,san julian,21.0167,-102.1667,57.61400000000003,59,91,2.3,MX,1698041615
284,newman,37.3138,-121.0208,63.01400000000003,87,92,1.23,US,1698041615
285,arno,60.1167,18.6333,41.791999999999994,85,100,1.92,SE,1698041615
286,kuanda,56.3161,116.0806,39.524000000000015,50,54,1.25,RU,1698041615
287,vila franca do campo,37.7167,-25.4333,64.81400000000004,99,59,2.68,PT,1698041616
288,tazovsky,67.4667,78.7,27.464000000000034,83,99,5.78,RU,1698041616
289,birobidzhan,48.8,132.95,49.33399999999999,46,28,2.58,RU,1698041616
290,qarazhal,48.0078,70.7903,35.6,52,18,3.89,KZ,1698041616
291,la passe,45.5549,-0.8967,53.83399999999999,84,100,3.53,FR,1698041616
292,port shepstone,-30.7414,30.455,65.08399999999999,69,4,0.25,ZA,1698041616
293,apucarana,-23.5508,-51.4608,66.32600000000009,72,69,3.59,BR,1698041617
294,sibsagar,26.9833,94.6333,77.684,65,74,1.87,IN,1698041406
295,nar'yan-mar,67.6713,53.087,31.13600000000007,98,100,2.29,RU,1698041617
296,honefoss,60.168,10.2565,38.62400000000001,99,100,0.98,NO,1698041617
297,price,39.5994,-110.8107,57.110000000000085,30,75,2.06,US,1698041617
298,brisas de zicatela,15.8369,-97.0419,75.03800000000004,86,78,1.31,MX,1698041617
299,adrar,20.5022,-10.0711,77.25200000000008,40,42,2.82,MR,1698041337
300,colonia,50.9333,6.95,49.964000000000034,93,20,1.54,DE,1698041388
301,marsa alam,25.0757,34.8918,82.36400000000003,56,2,4.78,EG,1698041618
302,isangel,-19.55,169.2667,80.708,69,75,3.6,VU,1698041618
303,tocache,-8.1842,-76.5125,70.50200000000008,93,70,0.04,PE,1698041618
304,kodinsk,58.6881,99.1844,41.63000000000004,59,100,5.09,RU,1698041618
305,weno,7.4515,151.8468,84.45200000000008,69,33,1.38,FM,1698041618
306,constantia,44.1833,28.65,65.08399999999999,57,10,3.31,RO,1698041619
307,dzialoszyn,51.117,18.8652,47.75,90,67,2.69,PL,1698041619
308,merritt,50.1123,-120.7942,49.31600000000001,62,46,0.63,CA,1698041619
309,greenville,35.6127,-77.3663,52.141999999999996,81,0,1.54,US,1698041359
310,valparaiso,-33.0393,-71.6273,60.47600000000009,73,100,1.03,CL,1698041619
311,kenai,60.5544,-151.2583,21.254000000000055,73,0,1.54,US,1698041617
312,wolsztyn,52.1155,16.1171,53.96000000000008,92,100,2.74,PL,1698041620
313,coquimbo,-29.9533,-71.3436,57.056000000000026,83,26,4.36,CL,1698041597
314,niimi,34.9833,133.4667,73.4,42,31,1.53,JP,1698041620
315,lagoa,39.05,-27.9833,65.42600000000009,73,87,7.68,PT,1698041620
316,esil,51.9556,66.4042,34.23200000000001,57,8,7.3,KZ,1698041620
317,ierapetra,35.01,25.7353,76.62200000000004,57,47,2.25,GR,1698041621
318,jakar,27.5492,90.7525,63.01400000000003,23,8,3.95,BT,1698041621
319,new norfolk,-42.7826,147.0587,66.70400000000005,52,65,2.67,AU,1698041621
320,kegalle,7.2532,80.3454,82.77800000000006,70,98,1.14,LK,1698041621
321,aland,17.5667,76.5667,87.51200000000006,30,83,3.86,IN,1698041621
322,pavlodol'skaya,43.7192,44.4781,57.36200000000006,71,8,2.13,RU,1698041621
323,hassi messaoud,31.6804,6.0729,66.05600000000003,34,0,0.0,DZ,1698041622
324,yuli,9.6989,10.2744,76.04600000000005,30,99,1.1,NG,1698041622
325,ilebo,-4.3167,20.5833,73.45400000000005,92,100,0.33,CD,1698041622
326,howrah,22.5892,88.3103,87.8,70,75,3.09,IN,1698041622
327,bel ombre,-4.6167,55.4167,82.23800000000004,78,20,1.54,SC,1698041623
328,ar ruways,24.1103,52.7306,89.13200000000002,51,0,1.78,AE,1698041623
329,lerwick,60.1545,-1.1494,50.0,78,9,3.17,GB,1698041623
330,santa rita,-7.1139,-34.9781,74.066,94,20,2.06,BR,1698041623
331,karratha,-20.7377,116.8463,84.11000000000008,58,23,4.91,AU,1698041623
332,baise city,23.8997,106.6133,82.41800000000009,55,8,1.76,CN,1698041623
333,kimbe,-5.5502,150.1429,80.43800000000005,89,89,0.83,PG,1698041624
334,qujing,25.4833,103.7833,69.09800000000003,61,84,5.75,CN,1698041474
335,maragogi,-9.0122,-35.2225,74.67800000000007,76,15,2.47,BR,1698041624
336,praia da vitoria,38.7333,-27.0667,64.76000000000008,82,40,4.01,PT,1698041624
337,sao vicente,-23.9631,-46.3919,73.58000000000004,26,87,1.03,BR,1698041624
338,nanao,37.05,136.9667,65.93000000000004,68,99,1.68,JP,1698041624
339,zhezqazghan,47.7833,67.7667,32.57600000000009,64,75,3.0,KZ,1698041625
340,mitu,1.1983,-70.1733,69.89000000000001,99,100,0.84,CO,1698041625
341,broken hill,-31.95,141.4333,77.36000000000008,16,1,3.5,AU,1698041625
342,hammerfest,70.6634,23.6821,34.25,64,75,2.57,NO,1698041625
343,brigantine,39.4101,-74.3646,50.018000000000086,71,0,3.6,US,1698041625
344,zalingei,12.9096,23.4741,77.234,23,15,1.83,SD,1698041625
345,zouerate,22.7187,-12.4521,69.81800000000008,77,2,3.82,MR,1698041626
346,namdrik,5.5994,168.1028,84.092,71,95,1.96,MH,1698041626
347,xilin hot,43.9667,116.0333,59.432000000000016,22,46,7.39,CN,1698041626
348,northam,51.0333,-4.2167,53.258,94,100,6.72,GB,1698041626
349,zeya,53.75,127.2667,39.97400000000001,46,100,1.64,RU,1698041626
350,makueni boma,-1.8041,37.6203,70.19600000000005,57,68,1.75,KE,1698041626
351,nadym,65.5333,72.5167,28.544000000000075,92,82,5.0,RU,1698041627
352,villa gesell,-37.2639,-56.973,57.398000000000025,98,100,5.39,AR,1698041627
353,kapa'a,22.0752,-159.319,78.78200000000001,83,75,5.66,US,1698041627
354,cabo san lucas,22.8909,-109.9124,80.76200000000006,80,20,5.81,MX,1698041627
355,barcelos,41.5388,-8.6151,58.838000000000044,91,100,0.92,PT,1698041353
356,kedrovyy,56.1667,91.8167,46.814000000000036,79,100,7.23,RU,1698041539
357,baryshivka,50.361,31.3217,57.452000000000076,74,2,7.55,UA,1698041628
358,gargalianoi,37.0667,21.6333,66.36200000000005,75,39,2.19,GR,1698041628
359,callaway,30.153,-85.5699,68.0,98,0,0.0,US,1698041628
360,rio pardo de minas,-15.6097,-42.5397,63.733999999999995,95,51,2.97,BR,1698041628
361,egilsstadir,65.2653,-14.3948,39.110000000000085,93,100,3.6,IS,1698041628
362,conceicao da barra,-18.5933,-39.7322,72.32000000000006,78,100,2.11,BR,1698041629
363,camarinas,43.1311,-9.1817,55.18399999999999,77,99,3.25,ES,1698041629
364,mirnyy,62.5353,113.9611,30.236000000000068,80,99,7.15,RU,1698041405
365,huai khot,15.2909,99.6166,86.18000000000004,66,49,2.37,TH,1698041629
366,severo-yeniseyskiy,60.3725,93.0408,32.9,76,100,6.95,RU,1698041629
367,waingapu,-9.6567,120.2641,80.49199999999999,77,9,5.24,ID,1698041629
368,lagunas,-5.2269,-75.6753,73.14800000000002,87,90,0.86,PE,1698041630
369,dundaga,57.5167,22.35,46.022000000000034,85,100,3.46,LV,1698041630
370,taroudant,30.4703,-8.877,65.28200000000001,78,97,0.3,MA,1698041630
371,lhokseumawe,5.1801,97.1507,82.32800000000006,77,99,4.19,ID,1698041630
372,molchanovo,57.5817,83.7692,33.602000000000075,97,100,5.84,RU,1698041630
373,calvi,42.5,8.8333,54.23000000000004,63,0,3.09,FR,1698041631
374,touros,-5.1989,-35.4608,75.05600000000003,88,91,4.24,BR,1698041375
375,karasburg,-28.0167,18.75,68.32400000000001,32,6,2.96,NA,1698041631
376,kavieng,-2.5744,150.7967,83.91200000000006,72,97,3.7,PG,1698041631
377,sitka,57.0531,-135.33,32.0,54,59,2.28,US,1698041631
378,batouri,4.4333,14.3667,70.17800000000007,97,92,0.85,CM,1698041631
379,amuntai,-2.4177,115.2494,92.04800000000003,51,99,1.15,ID,1698041459
380,sile,41.1754,29.6133,70.46600000000001,65,13,2.67,TR,1698041632
381,saipan,15.1355,145.701,88.50200000000008,70,40,7.2,MP,1698041632
382,rocha,-34.4833,-54.3333,65.82200000000003,99,100,1.33,UY,1698041632
383,vila velha,-20.3297,-40.2925,67.94600000000005,97,100,1.03,BR,1698041632
384,poronaysk,49.2167,143.1167,42.29600000000005,50,49,4.58,RU,1698041632
385,fedorovka,53.6314,62.7078,34.412000000000056,54,8,6.52,KZ,1698041633
386,puerto quijarro,-17.7833,-57.7667,80.99600000000005,49,81,0.45,BO,1698041633
387,glace bay,46.1969,-59.957,49.15400000000005,97,100,5.66,CA,1698041633
388,cole harbour,44.6724,-63.4751,47.714000000000034,92,100,6.17,CA,1698041633
389,fisterra,42.9049,-9.2629,55.022000000000034,77,97,3.17,ES,1698041633
390,new plymouth,-39.0667,174.0833,60.8,79,19,1.8,NZ,1698041518
391,badiyah,22.45,58.8,87.17000000000006,38,100,0.63,OM,1698041634
392,khovd,48.0056,91.6419,58.49600000000005,28,75,4.58,MN,1698041634
393,acarau,-2.8856,-40.12,79.77200000000003,79,54,10.1,BR,1698041634
394,richfield,44.8833,-93.283,53.168000000000085,79,100,3.6,US,1698041634
395,kurmuk,10.55,34.2833,74.03000000000004,83,100,1.76,SD,1698041634
396,yeosu,34.7546,127.6599,66.34400000000008,51,2,3.1,KR,1698041635
397,puerto aysen,-45.4,-72.7,43.30400000000005,89,0,1.16,CL,1698041635
398,moab,38.5733,-109.5498,60.854000000000056,28,7,3.21,US,1698041635
399,senanga,-16.1167,23.2667,81.68000000000004,41,19,2.54,ZM,1698041635
400,saldanha,-33.0117,17.9442,66.25400000000005,85,100,4.63,ZA,1698041635
401,betare oya,5.6,14.0833,69.35,93,100,1.08,CM,1698041635
402,pahrump,36.2083,-115.9839,67.316,40,0,5.36,US,1698041636
403,calama,-22.4667,-68.9333,56.498000000000026,45,47,1.86,CL,1698041457
404,puerto deseado,-47.7503,-65.8938,45.08600000000007,69,0,1.62,AR,1698041501
405,at taj,24.2049,23.2857,70.08800000000005,33,0,3.31,LY,1698041636
406,kachug,53.9606,105.8817,43.088000000000044,37,76,2.35,RU,1698041636
407,callao,-12.0667,-77.15,67.71200000000006,88,75,6.17,PE,1698041529
408,ozalp,38.6548,43.993,52.17800000000007,49,0,1.91,TR,1698041637
409,shingu,33.7333,135.9833,69.692,57,20,1.84,JP,1698041637
410,tuy hoa,13.0833,109.3,82.59800000000003,82,77,4.32,VN,1698041637
411,iranshahr,27.2025,60.6848,88.142,29,0,2.06,IR,1698041637
412,yaren,-0.5472,166.916,84.18200000000002,74,100,3.72,NR,1698041637
413,tokar,18.4254,37.729,90.08600000000007,56,9,5.85,SD,1698041638
414,tafuna,-14.3358,-170.72,82.34600000000005,74,75,4.63,AS,1698041638
415,namtsy,62.7161,129.6658,22.802000000000078,86,100,2.08,RU,1698041638
416,mount isa,-20.7333,139.5,100.16600000000001,9,0,2.57,AU,1698041638
417,swan hill,-35.3378,143.5544,76.92800000000007,14,12,3.48,AU,1698041638
418,phalodi,27.1333,72.3667,87.27800000000006,30,14,2.31,IN,1698041638
419,nouadhibou,20.931,-17.0347,73.38200000000002,88,0,3.6,MR,1698041639
420,utrik,11.2278,169.8474,78.81800000000008,86,100,7.67,MH,1698041639
421,kulunda,52.566,78.9385,35.83399999999999,54,100,11.52,RU,1698041639
422,daru,-9.0763,143.2092,79.84400000000008,62,75,4.37,PG,1698041639
423,anjozorobe,-18.4,47.8667,74.71400000000003,53,8,1.52,MG,1698041362
424,praya,14.9215,-23.5087,77.54000000000002,83,20,2.57,CV,1698041640
425,suleja,9.1758,7.1808,74.39000000000001,77,100,0.88,NG,1698041640
426,turaif,31.6725,38.6637,70.05200000000008,35,0,7.2,SA,1698041640
427,buturlino,55.5667,44.8974,35.99600000000005,93,100,4.79,RU,1698041640
428,catumbela,-12.4314,13.5472,75.32600000000009,83,82,1.38,AO,1698041640
429,grand baie,-20.0182,57.5802,82.45400000000005,66,14,4.02,MU,1698041640
430,yonggwang-up,40.0183,127.4547,67.28000000000004,41,71,1.55,KP,1698041641
431,usogorsk,63.4106,48.6872,30.758000000000003,77,99,4.21,RU,1698041641
432,twon-brass,4.3151,6.2418,74.858,98,100,1.42,NG,1698041641
433,forster,-32.1667,152.5167,72.28399999999999,54,0,4.23,AU,1698041641
434,sinabang,2.4803,96.3801,78.24199999999999,84,96,0.65,ID,1698041641
435,sumbawa besar,-8.5,117.4333,94.35200000000007,38,20,4.71,ID,1698041641
436,kadisehri,39.9957,35.7919,64.72400000000002,40,100,0.76,TR,1698041642
437,west gulfport,30.4041,-89.0942,64.4,97,0,0.0,US,1698041642
438,novosergiyevka,52.0934,53.6528,38.030000000000044,60,100,5.03,RU,1698041411
439,malanje,-9.5402,16.341,68.59400000000008,87,99,2.48,AO,1698041642
440,cadale,2.7603,46.3222,85.71200000000006,62,42,4.7,SO,1698041642
441,saudarkrokur,65.7461,-19.6394,33.674000000000014,83,93,1.23,IS,1698041643
442,aldinga beach,-35.2793,138.4604,82.20200000000008,52,97,5.09,AU,1698041643
443,derazhnya,49.2692,27.4338,54.59000000000002,76,27,5.7,UA,1698041643
444,beya,53.0533,90.9139,51.44000000000002,48,100,4.83,RU,1698041643
445,shahdad kot,27.8477,67.9055,90.98600000000008,28,6,0.98,PK,1698041416
446,xichang,27.8964,102.2634,70.88000000000004,56,14,1.33,CN,1698041371
447,porteirinha,-15.7433,-43.0283,68.108,82,28,3.24,BR,1698041644
448,benjamin constant,-4.3831,-70.0311,77.12600000000009,96,100,1.21,BR,1698041644
449,muisne,0.6,-80.0333,78.17000000000006,79,99,3.37,EC,1698041644
450,san jose del cabo,23.0589,-109.6977,80.74400000000007,88,11,0.45,MX,1698041644
451,mount pearl,47.5166,-52.7813,46.148000000000025,95,100,6.17,CA,1698041644
452,riosucio,5.4216,-75.7032,58.01000000000008,97,93,0.81,CO,1698041645
453,posse,-14.0931,-46.3694,75.56000000000009,51,61,2.67,BR,1698041645
454,antalaha,-14.9003,50.2788,78.54800000000003,63,90,0.62,MG,1698041645
455,errachidia,31.9275,-4.4285,62.65400000000005,48,0,2.57,MA,1698041645
456,seydi,39.4816,62.9137,62.00600000000003,61,86,2.47,TM,1698041645
457,tobelo,1.7284,128.0095,82.86800000000008,78,33,0.7,ID,1698041646
458,masindi port,1.6961,32.0861,70.07000000000006,91,100,0.68,UG,1698041646
459,olinda,-8.0089,-34.8553,78.53000000000004,73,40,3.09,BR,1698041646
460,north bend,43.4065,-124.2243,58.91000000000008,94,100,2.06,US,1698041646
461,chenaran,36.6455,59.1212,60.944000000000074,46,36,1.23,IR,1698041646
462,redding,40.5865,-122.3917,56.62400000000001,91,0,0.89,US,1698041567
463,lhasa,29.65,91.1,50.72000000000006,29,2,4.23,CN,1698041647
464,labuan,5.2767,115.2417,83.87600000000009,69,8,2.34,MY,1698041647
465,saint-joseph,-21.3667,55.6167,83.46200000000006,69,8,1.12,RE,1698041350
466,gorontalo,0.5412,123.0595,87.47600000000008,67,39,1.67,ID,1698041357
467,sao joao da barra,-21.6403,-41.0511,70.46600000000001,78,100,3.57,BR,1698041646
468,vorkuta,67.5,64.0,13.208000000000006,94,68,2.0,RU,1698041647
469,louisville,38.2542,-85.7594,46.958000000000006,83,0,0.0,US,1698041517
470,rio preto da eva,-2.6994,-59.6997,74.57000000000006,95,53,0.83,BR,1698041648
471,atafu village,-8.5421,-172.5159,84.41600000000001,71,59,5.03,TK,1698041648
472,pendencias,-5.26,-36.7222,72.91400000000003,85,94,2.52,BR,1698041648
473,aykhal,66.0,111.5,19.688000000000045,96,96,0.58,RU,1698041648
474,fada,9.5667,8.3,68.43200000000002,51,100,1.24,NG,1698041648
475,nova mayachka,46.6,33.2271,65.174,56,35,3.01,UA,1698041648
476,magadan,59.5667,150.8,34.28600000000007,96,100,3.57,RU,1698041649
477,thunder bay,48.4001,-89.3168,42.78200000000002,93,100,1.03,CA,1698041530
478,muravlenko,63.7898,74.523,29.06600000000001,73,74,7.46,RU,1698041649
479,sibolga,1.7427,98.7792,82.81400000000004,76,91,2.24,ID,1698041649
480,bowen,-20.0167,148.2333,82.11200000000005,49,4,4.19,AU,1698041649
481,manay,7.215,126.5397,84.39800000000002,76,76,1.95,PH,1698041649
482,marsh harbour,26.5412,-77.0636,78.87200000000004,59,100,1.02,BS,1698041650
483,batticaloa,7.7102,81.6924,83.984,67,98,1.31,LK,1698041650
484,binuangan,8.9153,124.7883,84.092,70,99,1.64,PH,1698041650
485,mar del plata,-38.0023,-57.5575,57.092,98,100,1.34,AR,1698041607
486,oxelosund,58.6706,17.1015,43.17800000000007,93,75,2.57,SE,1698041650
487,frontera,26.9333,-101.45,76.892,62,95,0.89,MX,1698041650
488,tezu,27.9167,96.1667,82.058,32,42,1.15,IN,1698041415
489,sirjan,29.452,55.6814,69.09800000000003,15,0,1.02,IR,1698041651
490,idri,27.5,13.2667,78.09800000000003,19,13,2.91,LY,1698041651
491,sao tome,0.3365,6.7273,77.73800000000004,89,100,3.66,ST,1698041651
492,shimanovsk,52.0,127.7,46.23800000000004,41,67,3.58,RU,1698041651
493,wuxi,31.5689,120.2886,77.59400000000008,36,0,2.85,CN,1698041465
494,ulanhot,46.0833,122.0833,68.54000000000002,18,18,6.25,CN,1698041652
495,sirte,31.2089,16.5887,73.36400000000003,63,0,3.42,LY,1698041652
496,mossel bay,-34.1831,22.146,67.92800000000007,64,94,1.5,ZA,1698041652
497,augusto correa,-1.0217,-46.635,78.87200000000004,81,74,2.74,BR,1698041638
498,sosnogorsk,63.6023,53.8817,31.712000000000057,70,96,4.87,RU,1698041652
499,sergeyevka,53.88,67.4158,33.42200000000004,63,59,8.09,KZ,1698041652
500,zyryanovsk,49.7386,84.2719,45.21200000000006,68,100,7.22,KZ,1698041653
501,smithers,54.7804,-127.1743,30.52400000000001,86,75,0.0,CA,1698041653
502,nyurba,63.2842,118.3319,32.57600000000009,97,99,2.98,RU,1698041653
503,buka,40.8108,69.1986,64.61600000000001,55,100,3.16,UZ,1698041653
504,bam,29.106,58.357,80.02400000000002,22,0,1.82,IR,1698041549
505,celendin,-6.8703,-78.1517,53.34800000000003,92,99,0.87,PE,1698041653
506,chaiyaphum,15.75,102.0,89.79800000000003,56,49,4.34,TH,1698041654
507,huarmey,-10.0681,-78.1522,68.41400000000003,88,31,5.01,PE,1698041654
508,tecuala,22.3986,-105.4569,72.392,93,44,1.88,MX,1698041654
509,kalemie,-5.9475,29.1947,79.52000000000007,59,92,0.36,CD,1698041654
510,zaranj,30.9667,61.8833,82.36400000000003,18,4,6.31,AF,1698041654
511,richards bay,-28.783,32.0377,67.316,58,80,3.31,ZA,1698041654
512,mata-utu,-13.2816,-176.1745,82.38200000000002,80,58,5.73,WF,1698041655
513,jaisalmer,26.9147,70.9181,87.99800000000002,31,9,2.41,IN,1698041655
514,souillac,-20.5167,57.5167,82.058,65,10,4.9,MU,1698041655
515,cerro largo,-28.1486,-54.7381,73.07600000000009,87,99,3.26,BR,1698041655
516,russellville,35.2784,-93.1338,66.34400000000008,46,0,1.54,US,1698041655
517,robertsport,6.7533,-11.3686,77.48600000000008,86,39,1.4,LR,1698041655
518,lionel town,17.8101,-77.2406,84.092,92,87,1.8,JM,1698041656
519,kujama,10.4542,7.6368,68.37800000000007,45,68,1.43,NG,1698041656
520,puerto baquerizo moreno,-0.9,-89.6,73.74199999999999,82,86,6.08,EC,1698041656
521,nerchinsk,51.9833,116.5833,51.98000000000004,33,1,3.35,RU,1698041656
522,mahdalynivka,48.921,34.9156,60.314000000000036,74,59,3.71,UA,1698041656
523,broome,42.2506,-75.833,43.628000000000064,93,100,3.09,US,1698041657
524,kara-balta,42.8142,73.8481,53.564000000000036,71,99,2.4,KG,1698041657
525,nguigmi,14.2495,13.1092,80.042,24,5,5.12,NE,1698041657
526,labytnangi,66.6572,66.4183,23.84600000000005,85,100,3.28,RU,1698041657
527,quiberon,47.4841,-3.1196,58.19000000000002,86,100,2.24,FR,1698041657
528,aoulef,26.9667,1.0833,80.45600000000003,26,15,3.9,DZ,1698041658
529,san pedro pochutla,15.7333,-96.4667,73.02200000000003,80,97,1.82,MX,1698041658
530,kencong,-8.2833,113.3667,84.61400000000003,65,27,4.72,ID,1698041658
531,crane,31.3974,-102.3501,71.90600000000003,68,100,8.76,US,1698041658
532,margate,51.3813,1.3862,56.89400000000008,87,70,1.34,GB,1698041658
533,tamanrasset,22.785,5.5228,67.91000000000008,21,0,2.57,DZ,1698041658
534,powell,40.1578,-83.0752,37.4,92,0,2.06,US,1698041410
535,conduaga,8.862,117.4893,84.7760000000001,73,72,1.74,PH,1698041659
536,lorengau,-2.0226,147.2712,84.74000000000002,72,88,3.87,PG,1698041659
537,machico,32.7,-16.7667,66.83000000000004,73,40,5.14,PT,1698041659
538,aral,40.5156,81.2636,63.48200000000001,19,34,1.45,CN,1698041659
539,manta,-0.95,-80.7333,76.78399999999999,83,75,4.12,EC,1698041660
540,huilong,31.8111,121.655,74.408,54,2,5.08,CN,1698041660
541,nagqu,31.5,92.0,41.0,32,53,6.26,CN,1698041660
542,balikpapan,-1.2675,116.8289,81.59000000000002,83,20,1.03,ID,1698041660
543,sokoni,-6.4333,39.55,80.24000000000002,74,8,3.12,TZ,1698041420
544,dongning,44.0622,131.1207,62.13200000000002,28,0,3.07,CN,1698041660
545,berriane,32.8265,3.7669,67.01000000000008,34,0,3.86,DZ,1698041661
546,coahuayana de hidalgo,18.7,-103.6583,74.42600000000009,92,99,1.55,MX,1698041661
547,pingliang,35.5392,106.6861,65.48000000000005,43,0,2.31,CN,1698041661
548,saint croix,17.7397,-64.7388,79.25,89,0,0.45,VI,1698041550
549,datong,40.0936,113.2914,65.28200000000001,19,28,6.7,CN,1698041447
550,cooma,-36.2333,149.1333,71.97800000000007,30,2,3.65,AU,1698041662
551,dingli,35.8614,14.3822,70.808,83,0,4.63,MT,1698041662
552,argo,37.6333,22.7333,67.78399999999999,41,22,1.37,GR,1698041428
553,el calafate,-50.3408,-72.2768,41.86400000000003,70,4,3.48,AR,1698041662
554,katsuura,35.1333,140.3,68.91800000000009,56,86,3.01,JP,1698041662
